Country,ISO2,GCI_Sum,APT_Group_Count,Spam_Magnitude,Spam_GlobalPct,NCSI_Score
People’s Republic of China,CN,91.64,186,7.1,0.1258925411794166,60.0
Russia,RU,92.13,102,7.0,0.1,
Iran,IR,65.52,66,6.4,0.0251188643150958,
North Korea,KP,6.18,19,,,
Türkiye,TR,100.0,11,5.8,0.006309573,71.67
India,IN,98.49,11,6.3,0.019952623,
United States,US,99.86,7,7.8,0.630957344,84.17
Nigeria,NG,82.4,7,,,58.33
Brazil,BR,96.38,6,6.2,0.015848932,71.67
Pakistan,PK,96.69,5,5.2,0.001584893,
Ukraine,UA,83.93,4,6.1,0.0125892541179416,80.83
State of Palestine,PS,37.72,4,,,
Italy,IT,100.0,3,5.7,0.005011872,88.33
United Arab Emirates,AE,100.0,3,4.1,0.000125893,
Vietnam,VN,99.74,3,5.2,0.001584893,
Kazakhstan,KZ,94.04,3,4.8,0.000630957,70.83
Tunisia,TN,82.0,3,4.8,0.000630957,68.33
Belarus,BY,61.45,3,4.2,0.000158489,
Spain,ES,99.74,2,6.2,0.015848932,
France,FR,98.98,2,6.9,0.079432823,89.17
Philippines,PH,93.49,2,5.2,0.001584893,
Georgia,GE,91.92,2,,,64.17
Romania,RO,91.62,2,6.2,0.015848932,
Mexico,MX,85.77,2,5.5,0.003162278,38.33
Syria,SY,51.39,2,,,
Egypt,EG,100.0,1,5.6,0.003981072,50.83
Saudi Arabia,SA,100.0,1,4.9,0.000794328,59.17
South Korea,KR,100.0,1,5.5,0.003162278,83.33
Indonesia,ID,100.0,1,5.6,0.003981072,
Poland,PL,93.54,1,5.7,0.005011872,92.5
Canada,CA,93.18,1,6.4,0.0251188643150958,96.67
Uzbekistan,UZ,89.2,1,4.6,0.000398107,55.0
Austria,AT,89.16,1,5.0,0.001,85.0
Libya,LY,68.09,1,,,21.67
Venezuela,VE,40.42,1,5.0,0.001,
Mauritius,MU,100.0,0,4.1,0.000125893,55.83
Qatar,QA,100.0,0,,,40.83
Denmark,DK,100.0,0,5.7,0.005011872,89.17
Finland,FI,100.0,0,5.7,0.005011872,95.83
United Kingdom,GB,100.0,0,6.7,0.0501187233627272,75.0
Singapore,SG,99.86,0,5.9,0.007943282,85.0
Portugal,PT,99.86,0,4.9,0.000794328,84.17
Sweden,SE,99.31,0,5.4,0.002511886,
Ghana,GH,99.27,0,,,63.33
Tanzania,TZ,99.26,0,,,
Thailand,TH,99.22,0,5.2,0.001584893,
Netherlands,NL,99.22,0,6.9,0.079432823,81.67
Iceland,IS,99.1,0,5.8,0.006309573,
Malaysia,MY,98.82,0,6.2,0.015848932,
Luxembourg,LU,98.72,0,4.4,0.000251189,
Jordan,JO,98.6,0,,,73.33
Kenya,KE,98.59,0,4.5,0.000316228,
Rwanda,RW,98.08,0,,,47.5
Republic of Cyprus,CY,98.02,0,4.3,0.000199526,76.67
Japan,JP,97.58,0,6.4,0.0251188643150958,
Morocco,MA,97.5,0,4.8,0.000630957,70.0
Greece,GR,97.11,0,4.9,0.000794328,
Norway,NO,97.01,0,5.1,0.001258925,
Oman,OM,97.01,0,,,50.0
Bangladesh,BD,96.96,0,5.1,0.001258925,66.67
Serbia,RS,96.82,0,5.4,0.002511886,72.5
Belgium,BE,96.81,0,6.0,0.01,92.5
Slovenia,SI,96.48,0,4.9,0.000794328,
Australia,AU,96.24,0,5.5,0.003162278,87.5
Estonia,EE,95.04,0,,,96.67
Uruguay,UY,94.69,0,4.9,0.000794328,60.0
Slovakia,SK,94.44,0,5.9,0.007943282,80.83
Germany,DE,93.84,0,7.1,0.1258925411794166,90.83
Azerbaijan,AZ,93.76,0,4.4,0.000251189,73.33
Malta,MT,92.96,0,,,58.33
Lithuania,LT,92.88,0,5.1,0.001258925,85.0
Zambia,ZM,92.59,0,,,
Benin,BJ,91.54,0,5.1,0.001258925,59.17
Switzerland,CH,91.26,0,5.5,0.003162278,72.5
Ireland,IE,90.9,0,5.2,0.001584893,77.5
Togo,TG,88.8,0,,,54.17
Hungary,HU,88.73,0,4.9,0.000794328,
Czech Republic,CZ,87.94,0,5.8,0.006309573,98.33
Croatia,HR,87.75,0,4.4,0.000251189,82.5
Ecuador,EC,87.18,0,4.8,0.000630957,
Sri Lanka,LK,87.02,0,,,
Albania,AL,86.51,0,4.4,0.000251189,85.0
South Africa,ZA,86.25,0,5.8,0.006309573,
Peru,PE,83.74,0,4.8,0.000630957,
Uganda,UG,82.94,0,,,30.83
New Zealand,NZ,82.63,0,4.1,0.000125893,55.0
Latvia,LV,82.63,0,4.7,0.000501187,79.17
Malawi,MW,80.43,0,,,
Eswatini,SZ,79.43,0,,,
Ivory Coast,CI,78.8,0,,,
Botswana,BW,78.6,0,4.1,0.000125893,49.17
Andorra,AD,76.66,0,,,
Ethiopia,ET,76.34,0,4.5,0.000316228,
Dominican Republic,DO,75.67,0,4.2,0.000158489,71.67
Costa Rica,CR,75.07,0,4.6,0.000398107,48.33
Montenegro,ME,74.83,0,,,64.17
Paraguay,PY,74.77,0,4.7,0.000501187,
Bulgaria,BG,74.03,0,5.4,0.002511886,80.83
Myanmar,MM,73.72,0,,,21.67
Cuba,CU,72.73,0,,,
Chile,CL,70.23,0,5.3,0.001995262,76.67
Burkina Faso,BF,70.23,0,,,
Nepal,NP,69.76,0,4.4,0.000251189,
Vanuatu,VU,69.29,0,,,37.5
Senegal,SN,67.17,0,4.2,0.000158489,
Panama,PA,66.54,0,4.1,0.000125893,55.83
Mozambique,MZ,66.05,0,,,30.0
Colombia,CO,65.87,0,6.4,0.0251188643150958,
Kyrgyzstan,KG,65.59,0,4.4,0.000251189,60.0
Cameroon,CM,65.53,0,,,
Republic of Moldova,MD,65.09,0,4.8,0.000630957,81.67
Gambia,GM,61.8,0,,,
Bhutan,BT,60.61,0,,,51.67
Kuwait,KW,60.58,0,,,37.5
Jamaica,JM,58.2,0,,,45.83
Democratic Republic of Congo,NAN,56.61,0,,,
Sierra Leone,SL,56.46,0,,,30.0
Guinea,GN,56.39,0,,,
Mongolia,MN,56.36,0,,,
Trinidad and Tobago,TT,56.23,0,,,35.83
Kiribati,KI,55.64,0,,,33.33
Fiji,FJ,53.81,0,,,
Liechtenstein,LI,51.97,0,,,
Cape Verde,CV,51.54,0,,,
Argentina,AR,51.51,0,5.5,0.003162278,58.33
Seychelles,SC,50.26,0,4.1,0.000125893,
Chad,TD,48.67,0,,,25.0
Sudan,SD,48.17,0,,,
Guyana,GY,47.23,0,,,
Bolivia,BO,42.99,0,4.7,0.000501187,30.83
Gabon,GA,39.86,0,4.2,0.000158489,
Zimbabwe,ZW,39.85,0,,,18.33
Angola,AO,39.49,0,,,17.5
Mauritania,MR,39.33,0,,,19.17
Comoros,KM,39.15,0,,,37.5
Somalia,SO,37.38,0,,,
Cambodia,KH,37.02,0,4.4,0.000251189,
Namibia,NAN,36.93,0,,,
Barbados,BB,36.52,0,,,
Bahamas,BS,34.0,0,,,30.0
Tonga,TO,33.78,0,,,20.0
Bosnia and Herzegovina,BA,33.76,0,4.3,0.000199526,33.33
Laos,LA,33.74,0,,,
Saint Kitts and Nevis,KN,31.6,0,,,12.5
Lesotho,LS,30.58,0,4.4,0.000251189,
Mali,ML,29.48,0,,,11.67
Honduras,HN,28.07,0,4.2,0.000158489,23.33
Republic of Congo,NAN,27.61,0,,,
St. Vincent and the Grenadines,VC,26.54,0,,,
Saint Lucia,LC,26.17,0,,,8.33
San Marino,SM,25.88,0,,,
Equatorial Guinea,GQ,25.44,0,,,
Tajikistan,TJ,25.36,0,,,15.83
Haiti,HT,24.27,0,,,4.17
Nauru,NR,21.59,0,,,13.33
Liberia,LR,21.34,0,,,
Sao Tome and Principe,ST,20.44,0,,,
Tuvalu,TV,20.34,0,,,
Grenada,GD,20.15,0,,,
Afghanistan,AF,18.41,0,,,
Antigua and Barbuda,AG,18.19,0,,,18.33
Solomon Islands,SB,17.7,0,,,4.17
Timor-Leste,TL,16.82,0,,,
Burundi,BI,16.77,0,,,
Maldives,MV,14.82,0,,,
Marshall Islands,MH,14.24,0,,,
Vatican City,VA,9.07,0,,,
Federated States of Micronesia,FM,8.78,0,,,5.83
Yemen,YE,7.19,0,,,
Guinea-Bissau,GW,6.43,0,,,
Central African Republic,CF,4.76,0,,,
Eritrea,ER,2.21,0,,,
El Salvador,SV,,0,,,
